{
  "1. Title-Only (BERT)": {
    "recall@10": 0.238413018219927,
    "ndcg@10": 0.14060889959955336,
    "recall_std": 0.4140387534187861,
    "ndcg_std": 0.26663134650605463
  },
  "2. Vision-Only": {
    "recall@10": 0.11071047791017341,
    "ndcg@10": 0.05985319470419848,
    "recall_std": 0.3039168597237038,
    "ndcg_std": 0.17710952278751435
  },
  "3. Title+Vision (Naive 50/50)": {
    "recall@10": 0.2022919716991893,
    "ndcg@10": 0.1059907675243408,
    "recall_std": 0.3914465697354308,
    "ndcg_std": 0.22061329045230843
  },
  "4. Title+Vision (Concat)": {
    "recall@10": 0.2076766756606365,
    "ndcg@10": 0.10929141554358383,
    "recall_std": 0.39488883088742677,
    "ndcg_std": 0.224142897410367
  },
  "5. Attention Fusion (Trained)": {
    "recall@10": 0.23688296454239074,
    "ndcg@10": 0.13893321468731842,
    "recall_std": 0.41386053749965934,
    "ndcg_std": 0.2639119861985363,
    "status": "trained"
  },
  "6. Gating Fusion (Trained)": {
    "recall@10": 0.1677051323751298,
    "ndcg@10": 0.09084606248256229,
    "recall_std": 0.36117199758572716,
    "ndcg_std": 0.21062220178601726,
    "status": "trained"
  },
  "7. Cross-Modal Attention (Trained)": {
    "recall@10": 0.1575905185364616,
    "ndcg@10": 0.0839780750945311,
    "recall_std": 0.3535767327148345,
    "ndcg_std": 0.20216480370857645,
    "status": "trained"
  }
}